game_id,week,away_team,home_team,away_moneyline,home_moneyline
2025_01_DAL_PHI,1,DAL,PHI,330.0,-425.0
2025_01_KC_LAC,1,KC,LAC,-175.0,145.0
2025_01_TB_ATL,1,TB,ATL,-115.0,-105.0
2025_01_CIN_CLE,1,CIN,CLE,-238.0,195.0
2025_01_MIA_IND,1,MIA,IND,-108.0,-112.0
2025_01_CAR_JAX,1,CAR,JAX,170.0,-205.0
2025_01_LV_NE,1,LV,NE,130.0,-155.0
2025_01_ARI_NO,1,ARI,NO,-270.0,220.0
2025_01_PIT_NYJ,1,PIT,NYJ,-155.0,130.0
2025_01_NYG_WAS,1,NYG,WAS,240.0,-298.0
2025_01_TEN_DEN,1,TEN,DEN,350.0,-455.0
2025_01_SF_SEA,1,SF,SEA,-135.0,114.0
2025_01_DET_GB,1,DET,GB,100.0,-120.0
2025_01_HOU_LA,1,HOU,LA,140.0,-166.0
2025_01_BAL_BUF,1,BAL,BUF,-130.0,110.0
2025_01_MIN_CHI,1,MIN,CHI,-112.0,-108.0
2025_02_WAS_GB,2,WAS,GB,154.0,-185.0
2025_02_CLE_BAL,2,CLE,BAL,600.0,-900.0
2025_02_JAX_CIN,2,JAX,CIN,160.0,-192.0
2025_02_NYG_DAL,2,NYG,DAL,195.0,-238.0
2025_02_CHI_DET,2,CHI,DET,220.0,-270.0
2025_02_NE_MIA,2,NE,MIA,105.0,-125.0
2025_02_SF_NO,2,SF,NO,-166.0,140.0
2025_02_BUF_NYJ,2,BUF,NYJ,-290.0,235.0
2025_02_SEA_PIT,2,SEA,PIT,160.0,-192.0
2025_02_LA_TEN,2,LA,TEN,-250.0,205.0
2025_02_CAR_ARI,2,CAR,ARI,250.0,-310.0
2025_02_DEN_IND,2,DEN,IND,-130.0,110.0
2025_02_PHI_KC,2,PHI,KC,-122.0,102.0
2025_02_ATL_MIN,2,ATL,MIN,150.0,-180.0
2025_02_TB_HOU,2,TB,HOU,114.0,-135.0
2025_02_LAC_LV,2,LAC,LV,-198.0,164.0
2025_03_MIA_BUF,3,MIA,BUF,550.0,-800.0
2025_03_ATL_CAR,3,ATL,CAR,-225.0,185.0
2025_03_GB_CLE,3,GB,CLE,-470.0,360.0
2025_03_HOU_JAX,3,HOU,JAX,105.0,-125.0
2025_03_CIN_MIN,3,CIN,MIN,136.0,-162.0
2025_03_PIT_NE,3,PIT,NE,-120.0,100.0
2025_03_LA_PHI,3,LA,PHI,164.0,-198.0
2025_03_NYJ_TB,3,NYJ,TB,275.0,-345.0
2025_03_IND_TEN,3,IND,TEN,-245.0,200.0
2025_03_LV_WAS,3,LV,WAS,130.0,-155.0
2025_03_DEN_LAC,3,DEN,LAC,130.0,-155.0
2025_03_NO_SEA,3,NO,SEA,295.0,-375.0
2025_03_DAL_CHI,3,DAL,CHI,-125.0,105.0
2025_03_ARI_SF,3,ARI,SF,105.0,-125.0
2025_03_KC_NYG,3,KC,NYG,-325.0,260.0
2025_03_DET_BAL,3,DET,BAL,200.0,-245.0
2025_04_SEA_ARI,4,SEA,ARI,-125.0,105.0
2025_04_MIN_PIT,4,MIN,PIT,-148.0,124.0
2025_04_WAS_ATL,4,WAS,ATL,120.0,-142.0
2025_04_NO_BUF,4,NO,BUF,800.0,-1350.0
2025_04_CLE_DET,4,CLE,DET,410.0,-550.0
2025_04_TEN_HOU,4,TEN,HOU,340.0,-440.0
2025_04_CAR_NE,4,CAR,NE,215.0,-265.0
2025_04_LAC_NYG,4,LAC,NYG,-285.0,230.0
2025_04_PHI_TB,4,PHI,TB,-185.0,154.0
2025_04_IND_LA,4,IND,LA,154.0,-185.0
2025_04_JAX_SF,4,JAX,SF,150.0,-180.0
2025_04_BAL_KC,4,BAL,KC,-148.0,124.0
2025_04_CHI_LV,4,CHI,LV,105.0,-125.0
2025_04_GB_DAL,4,GB,DAL,-345.0,275.0
2025_04_NYJ_MIA,4,NYJ,MIA,124.0,-148.0
2025_04_CIN_DEN,4,CIN,DEN,360.0,-470.0
2025_05_SF_LA,5,SF,LA,340.0,-440.0
2025_05_MIN_CLE,5,MIN,CLE,-198.0,164.0
2025_05_HOU_BAL,5,HOU,BAL,-148.0,124.0
2025_05_MIA_CAR,5,MIA,CAR,-120.0,100.0
2025_05_LV_IND,5,LV,IND,285.0,-360.0
2025_05_NYG_NO,5,NYG,NO,100.0,-120.0
2025_05_DAL_NYJ,5,DAL,NYJ,-105.0,-115.0
2025_05_DEN_PHI,5,DEN,PHI,180.0,-218.0
2025_05_TEN_ARI,5,TEN,ARI,330.0,-425.0
2025_05_TB_SEA,5,TB,SEA,150.0,-180.0
2025_05_DET_CIN,5,DET,CIN,-575.0,425.0
2025_05_WAS_LAC,5,WAS,LAC,130.0,-155.0
2025_05_NE_BUF,5,NE,BUF,310.0,-395.0
2025_05_KC_JAX,5,KC,JAX,-198.0,164.0
2025_06_PHI_NYG,6,PHI,NYG,-395.0,310.0
2025_06_DEN_NYJ,6,DEN,NYJ,-395.0,310.0
2025_06_LA_BAL,6,LA,BAL,-355.0,280.0
2025_06_DAL_CAR,6,DAL,CAR,-175.0,145.0
2025_06_ARI_IND,6,ARI,IND,360.0,-470.0
2025_06_SEA_JAX,6,SEA,JAX,-115.0,-105.0
2025_06_LAC_MIA,6,LAC,MIA,-205.0,170.0
2025_06_NE_NO,6,NE,NO,-192.0,160.0
2025_06_CLE_PIT,6,CLE,PIT,225.0,-278.0
2025_06_TEN_LV,6,TEN,LV,154.0,-185.0
2025_06_CIN_GB,6,CIN,GB,650.0,-1000.0
2025_06_SF_TB,6,SF,TB,160.0,-192.0
2025_06_DET_KC,6,DET,KC,120.0,-142.0
2025_06_BUF_ATL,6,BUF,ATL,-205.0,170.0
2025_06_CHI_WAS,6,CHI,WAS,210.0,-258.0
2025_07_PIT_CIN,7,PIT,CIN,-245.0,200.0
2025_07_LA_JAX,7,LA,JAX,-166.0,140.0
2025_07_NO_CHI,7,NO,CHI,185.0,-225.0
2025_07_MIA_CLE,7,MIA,CLE,124.0,-148.0
2025_07_LV_KC,7,LV,KC,625.0,-950.0
2025_07_PHI_MIN,7,PHI,MIN,-148.0,124.0
2025_07_CAR_NYJ,7,CAR,NYJ,-108.0,-112.0
2025_07_NE_TEN,7,NE,TEN,-290.0,235.0
2025_07_NYG_DEN,7,NYG,DEN,330.0,-425.0
2025_07_IND_LAC,7,IND,LAC,114.0,-135.0
2025_07_GB_ARI,7,GB,ARI,-395.0,310.0
2025_07_WAS_DAL,7,WAS,DAL,105.0,-125.0
2025_07_ATL_SF,7,ATL,SF,-105.0,-115.0
2025_07_TB_DET,7,TB,DET,225.0,-278.0
2025_07_HOU_SEA,7,HOU,SEA,140.0,-166.0
2025_08_MIN_LAC,8,MIN,LAC,142.0,-170.0
2025_08_MIA_ATL,8,MIA,ATL,280.0,-355.0
2025_08_CHI_BAL,8,CHI,BAL,124.0,-148.0
2025_08_BUF_CAR,8,BUF,CAR,-395.0,310.0
2025_08_NYJ_CIN,8,NYJ,CIN,210.0,-258.0
2025_08_SF_HOU,8,SF,HOU,130.0,-155.0
2025_08_CLE_NE,8,CLE,NE,300.0,-380.0
2025_08_NYG_PHI,8,NYG,PHI,300.0,-380.0
2025_08_TB_NO,8,TB,NO,-218.0,180.0
2025_08_DAL_DEN,8,DAL,DEN,160.0,-192.0
2025_08_TEN_IND,8,TEN,IND,950.0,-1650.0
2025_08_GB_PIT,8,GB,PIT,-155.0,130.0
2025_08_WAS_KC,8,WAS,KC,500.0,-700.0
2025_09_BAL_MIA,9,BAL,MIA,-455.0,350.0
2025_09_CHI_CIN,9,CHI,CIN,-162.0,136.0
2025_09_MIN_DET,9,MIN,DET,410.0,-550.0
2025_09_CAR_GB,9,CAR,GB,650.0,-1000.0
2025_09_DEN_HOU,9,DEN,HOU,105.0,-125.0
2025_09_ATL_NE,9,ATL,NE,205.0,-250.0
2025_09_SF_NYG,9,SF,NYG,-148.0,124.0
2025_09_IND_PIT,9,IND,PIT,-185.0,154.0
2025_09_LAC_TEN,9,LAC,TEN,-650.0,470.0
2025_09_NO_LA,9,NO,LA,750.0,-1200.0
2025_09_JAX_LV,9,JAX,LV,-130.0,110.0
2025_09_KC_BUF,9,KC,BUF,-135.0,114.0
2025_09_SEA_WAS,9,SEA,WAS,-148.0,124.0
2025_09_ARI_DAL,9,ARI,DAL,145.0,-175.0
2025_10_LV_DEN,10,LV,DEN,380.0,-500.0
2025_10_ATL_IND,10,ATL,IND,250.0,-310.0
2025_10_NO_CAR,10,NO,CAR,200.0,-245.0
2025_10_NYG_CHI,10,NYG,CHI,180.0,-218.0
2025_10_JAX_HOU,10,JAX,HOU,-115.0,-105.0
2025_10_BUF_MIA,10,BUF,MIA,-455.0,350.0
2025_10_BAL_MIN,10,BAL,MIN,-230.0,190.0
2025_10_CLE_NYJ,10,CLE,NYJ,-130.0,110.0
2025_10_NE_TB,10,NE,TB,124.0,-148.0
2025_10_ARI_SEA,10,ARI,SEA,270.0,-340.0
2025_10_LA_SF,10,LA,SF,-258.0,210.0
2025_10_DET_WAS,10,DET,WAS,-455.0,350.0
2025_10_PIT_LAC,10,PIT,LAC,136.0,-162.0
2025_10_PHI_GB,10,PHI,GB,-110.0,-110.0
2025_11_NYJ_NE,11,NYJ,NE,625.0,-950.0
2025_11_WAS_MIA,11,WAS,MIA,124.0,-148.0
2025_11_CAR_ATL,11,CAR,ATL,180.0,-218.0
2025_11_TB_BUF,11,TB,BUF,230.0,-285.0
2025_11_LAC_JAX,11,LAC,JAX,-155.0,130.0
2025_11_CHI_MIN,11,CHI,MIN,124.0,-148.0
2025_11_GB_NYG,11,GB,NYG,-440.0,340.0
2025_11_CIN_PIT,11,CIN,PIT,205.0,-250.0
2025_11_HOU_TEN,11,HOU,TEN,-265.0,215.0
2025_11_SF_ARI,11,SF,ARI,-192.0,160.0
2025_11_SEA_LA,11,SEA,LA,145.0,-175.0
2025_11_BAL_CLE,11,BAL,CLE,-440.0,340.0
2025_11_KC_DEN,11,KC,DEN,-218.0,180.0
2025_11_DET_PHI,11,DET,PHI,130.0,-155.0
2025_11_DAL_LV,11,DAL,LV,-198.0,164.0
2025_12_BUF_HOU,12,BUF,HOU,-258.0,210.0
2025_12_NYJ_BAL,12,NYJ,BAL,675.0,-1050.0
2025_12_PIT_CHI,12,PIT,CHI,130.0,-155.0
2025_12_NE_CIN,12,NE,CIN,-395.0,310.0
2025_12_NYG_DET,12,NYG,DET,675.0,-1050.0
2025_12_MIN_GB,12,MIN,GB,235.0,-290.0
2025_12_IND_KC,12,IND,KC,180.0,-218.0
2025_12_SEA_TEN,12,SEA,TEN,-950.0,625.0
2025_12_JAX_ARI,12,JAX,ARI,-135.0,114.0
2025_12_CLE_LV,12,CLE,LV,136.0,-162.0
2025_12_PHI_DAL,12,PHI,DAL,-162.0,136.0
2025_12_ATL_NO,12,ATL,NO,102.0,-122.0
2025_12_TB_LA,12,TB,LA,295.0,-375.0
2025_12_CAR_SF,12,CAR,SF,310.0,-395.0
2025_13_GB_DET,13,GB,DET,130.0,-155.0
2025_13_KC_DAL,13,KC,DAL,-185.0,154.0
2025_13_CIN_BAL,13,CIN,BAL,295.0,-375.0
2025_13_CHI_PHI,13,CHI,PHI,270.0,-340.0
2025_13_LA_CAR,13,LA,CAR,-575.0,425.0
2025_13_SF_CLE,13,SF,CLE,-250.0,205.0
2025_13_HOU_IND,13,HOU,IND,142.0,-170.0
2025_13_NO_MIA,13,NO,MIA,205.0,-250.0
2025_13_ATL_NYJ,13,ATL,NYJ,-166.0,140.0
2025_13_ARI_TB,13,ARI,TB,164.0,-198.0
2025_13_JAX_TEN,13,JAX,TEN,-270.0,220.0
2025_13_MIN_SEA,13,MIN,SEA,600.0,-900.0
2025_13_LV_LAC,13,LV,LAC,440.0,-600.0
2025_13_BUF_PIT,13,BUF,PIT,-166.0,140.0
2025_13_DEN_WAS,13,DEN,WAS,-310.0,250.0
2025_13_NYG_NE,13,NYG,NE,295.0,-375.0
2025_14_DAL_DET,14,DAL,DET,160.0,-192.0
2025_14_SEA_ATL,14,SEA,ATL,-355.0,280.0
2025_14_PIT_BAL,14,PIT,BAL,220.0,-270.0
2025_14_CIN_BUF,14,CIN,BUF,230.0,-285.0
2025_14_TEN_CLE,14,TEN,CLE,170.0,-205.0
2025_14_IND_JAX,14,IND,JAX,-135.0,114.0
2025_14_WAS_MIN,14,WAS,MIN,-115.0,-105.0
2025_14_MIA_NYJ,14,MIA,NYJ,-148.0,124.0
2025_14_NO_TB,14,NO,TB,330.0,-425.0
2025_14_DEN_LV,14,DEN,LV,-470.0,360.0
2025_14_LA_ARI,14,LA,ARI,-500.0,380.0
2025_14_CHI_GB,14,CHI,GB,245.0,-305.0
2025_14_HOU_KC,14,HOU,KC,180.0,-218.0
2025_14_PHI_LAC,14,PHI,LAC,-120.0,100.0
2025_15_ATL_TB,15,ATL,TB,225.0,-278.0
2025_15_CLE_CHI,15,CLE,CHI,295.0,-375.0
2025_15_BAL_CIN,15,BAL,CIN,-162.0,136.0
2025_15_ARI_HOU,15,ARI,HOU,455.0,-625.0
2025_15_NYJ_JAX,15,NYJ,JAX,675.0,-1050.0
2025_15_LAC_KC,15,LAC,KC,210.0,-258.0
2025_15_BUF_NE,15,BUF,NE,-142.0,120.0
2025_15_WAS_NYG,15,WAS,NYG,124.0,-148.0
2025_15_LV_PHI,15,LV,PHI,650.0,-1000.0
2025_15_GB_DEN,15,GB,DEN,-122.0,102.0
2025_15_DET_LA,15,DET,LA,200.0,-245.0
2025_15_CAR_NO,15,CAR,NO,-148.0,124.0
2025_15_IND_SEA,15,IND,SEA,650.0,-1000.0
2025_15_TEN_SF,15,TEN,SF,600.0,-900.0
2025_15_MIN_DAL,15,MIN,DAL,215.0,-265.0
2025_15_MIA_PIT,15,MIA,PIT,145.0,-175.0
2025_16_LA_SEA,16,LA,SEA,102.0,-122.0
2025_16_PHI_WAS,16,PHI,WAS,-380.0,300.0
2025_16_GB_CHI,16,GB,CHI,-102.0,-118.0
2025_16_TB_CAR,16,TB,CAR,-155.0,130.0
2025_16_BUF_CLE,16,BUF,CLE,-575.0,425.0
2025_16_LAC_DAL,16,LAC,DAL,102.0,-122.0
2025_16_CIN_MIA,16,CIN,MIA,-205.0,170.0
2025_16_NYJ_NO,16,NYJ,NO,240.0,-298.0
2025_16_MIN_NYG,16,MIN,NYG,-148.0,124.0
2025_16_KC_TEN,16,KC,TEN,-185.0,154.0
2025_16_ATL_ARI,16,ATL,ARI,-148.0,124.0
2025_16_JAX_DEN,16,JAX,DEN,145.0,-175.0
2025_16_PIT_DET,16,PIT,DET,330.0,-425.0
2025_16_LV_HOU,16,LV,HOU,900.0,-1600.0
2025_16_NE_BAL,16,NE,BAL,154.0,-185.0
2025_16_SF_IND,16,SF,IND,-225.0,185.0
2025_17_DAL_WAS,17,DAL,WAS,-500.0,380.0
2025_17_DET_MIN,17,DET,MIN,-360.0,285.0
2025_17_DEN_KC,17,DEN,KC,-1100.0,700.0
2025_17_HOU_LAC,17,HOU,LAC,-102.0,-118.0
2025_17_BAL_GB,17,BAL,GB,120.0,-142.0
2025_17_SEA_CAR,17,SEA,CAR,-305.0,245.0
2025_17_ARI_CIN,17,ARI,CIN,275.0,-345.0
2025_17_PIT_CLE,17,PIT,CLE,-205.0,170.0
2025_17_JAX_IND,17,JAX,IND,-225.0,185.0
2025_17_TB_MIA,17,TB,MIA,-250.0,205.0
2025_17_NE_NYJ,17,NE,NYJ,-950.0,625.0
2025_17_NO_TEN,17,NO,TEN,-120.0,100.0
2025_17_NYG_LV,17,NYG,LV,-162.0,136.0
2025_17_PHI_BUF,17,PHI,BUF,142.0,-170.0
2025_17_CHI_SF,17,CHI,SF,170.0,-205.0
2025_17_LA_ATL,17,LA,ATL,-380.0,300.0
2025_18_CAR_TB,18,CAR,TB,130.0,-155.0
2025_18_SEA_SF,18,SEA,SF,-148.0,124.0
2025_18_NO_ATL,18,NO,ATL,170.0,-205.0
2025_18_CLE_CIN,18,CLE,CIN,350.0,-455.0
2025_18_IND_HOU,18,IND,HOU,400.0,-535.0
2025_18_TEN_JAX,18,TEN,JAX,525.0,-750.0
2025_18_GB_MIN,18,GB,MIN,470.0,-650.0
2025_18_DAL_NYG,18,DAL,NYG,-166.0,140.0
2025_18_NYJ_BUF,18,NYJ,BUF,550.0,-800.0
2025_18_DET_CHI,18,DET,CHI,150.0,-180.0
2025_18_LAC_DEN,18,LAC,DEN,900.0,-1600.0
2025_18_ARI_LA,18,ARI,LA,800.0,-1350.0
2025_18_KC_LV,18,KC,LV,-225.0,185.0
2025_18_MIA_NE,18,MIA,NE,650.0,-1000.0
2025_18_WAS_PHI,18,WAS,PHI,150.0,-180.0
2025_18_BAL_PIT,18,BAL,PIT,-225.0,185.0
