game_id,date,season,week,home_team,away_team,home_score,away_score,winner,home_total_yards,away_total_yards,home_passing_yards,away_passing_yards,home_rushing_yards,away_rushing_yards,home_turnovers,away_turnovers,home_yards_per_play,away_yards_per_play,home_first_downs,away_first_downs,home_third_down_pct,away_third_down_pct,home_sacks_allowed,away_sacks_allowed
401326531,2021-12-12 18:00:00+00:00,2021,14,Washington,Dallas Cowboys,20,27,Dallas Cowboys,224.0,323.0,124.0,201.0,100.0,122.0,4.0,2.0,3.6,4.1,14.0,19.0,0.2142857142857142,0.3888888888888889,5.0,4.0
401326542,2021-12-22 00:00:00+00:00,2021,15,Philadelphia Eagles,Washington,27,17,Philadelphia Eagles,519.0,237.0,281.0,174.0,238.0,63.0,2.0,0.0,7.4,4.4,23.0,14.0,0.5384615384615384,0.4615384615384615,3.0,2.0
401326567,2021-12-27 01:20:00+00:00,2021,16,Dallas Cowboys,Washington,56,14,Dallas Cowboys,497.0,257.0,389.0,172.0,108.0,85.0,0.0,2.0,6.8,4.5,28.0,14.0,0.6666666666666666,0.2307692307692307,3.0,5.0
401326578,2022-01-02 18:00:00+00:00,2021,17,Washington,Philadelphia Eagles,16,20,Philadelphia Eagles,312.0,330.0,218.0,212.0,94.0,118.0,1.0,0.0,5.1,5.4,24.0,18.0,0.6,0.3333333333333333,3.0,1.0
401326594,2022-01-09 18:00:00+00:00,2021,18,New York Giants,Washington,7,22,Washington,177.0,325.0,83.0,99.0,94.0,226.0,3.0,0.0,3.0,5.6,10.0,16.0,0.3529411764705882,0.2307692307692307,3.0,3.0
401772785,2025-11-30 18:00:00+00:00,2025,13,Cleveland Browns,San Francisco 49ers,8,26,San Francisco 49ers,253.0,252.0,115.0,161.0,138.0,91.0,2.0,0.0,4.2,3.9,15.0,19.0,0.2727272727272727,0.6470588235294118,3.0,1.0
401772894,2025-11-30 18:00:00+00:00,2025,13,Carolina Panthers,Los Angeles Rams,31,28,Carolina Panthers,358.0,379.0,194.0,227.0,164.0,152.0,0.0,3.0,5.8,7.4,17.0,22.0,0.4666666666666667,0.4,2.0,2.0
401772821,2025-12-02 01:15:00+00:00,2025,13,New England Patriots,New York Giants,33,15,New England Patriots,395.0,239.0,276.0,128.0,119.0,111.0,0.0,1.0,6.3,4.5,21.0,14.0,0.4615384615384615,0.3636363636363636,3.0,2.0
401772947,2025-12-05 01:15:00+00:00,2025,14,Detroit Lions,Dallas Cowboys,44,30,Detroit Lions,408.0,417.0,299.0,326.0,109.0,91.0,0.0,3.0,7.2,5.5,20.0,25.0,0.375,0.4,1.0,5.0
401772790,2025-12-07 18:00:00+00:00,2025,14,New York Jets,Miami Dolphins,10,34,Miami Dolphins,207.0,358.0,142.0,119.0,65.0,239.0,3.0,0.0,3.6,5.7,12.0,23.0,0.0833333333333333,0.2,6.0,1.0
401772899,2025-12-07 18:00:00+00:00,2025,14,Minnesota Vikings,Washington Commanders,31,0,Minnesota Vikings,313.0,206.0,151.0,99.0,162.0,107.0,0.0,3.0,5.1,4.2,25.0,12.0,0.5454545454545454,0.3,4.0,2.0
401772793,2025-12-07 18:00:00+00:00,2025,14,Jacksonville Jaguars,Indianapolis Colts,36,19,Jacksonville Jaguars,350.0,285.0,247.0,196.0,103.0,89.0,1.0,3.0,5.6,4.5,18.0,20.0,0.4666666666666667,0.5454545454545454,0.0,1.0
401772902,2025-12-07 18:00:00+00:00,2025,14,Buffalo Bills,Cincinnati Bengals,39,34,Buffalo Bills,416.0,338.0,233.0,276.0,183.0,62.0,1.0,2.0,6.9,6.0,22.0,25.0,0.5454545454545454,0.8333333333333334,3.0,1.0
401772900,2025-12-07 18:00:00+00:00,2025,14,Atlanta Falcons,Seattle Seahawks,9,37,Seattle Seahawks,274.0,365.0,154.0,236.0,120.0,129.0,3.0,1.0,4.4,6.3,15.0,20.0,0.0769230769230769,0.4615384615384615,1.0,2.0
401772898,2025-12-07 18:00:00+00:00,2025,14,Cleveland Browns,Tennessee Titans,29,31,Tennessee Titans,412.0,292.0,351.0,108.0,61.0,184.0,2.0,1.0,6.4,4.6,22.0,13.0,0.4285714285714285,0.3529411764705882,2.0,1.0
401772791,2025-12-07 18:00:00+00:00,2025,14,Baltimore Ravens,Pittsburgh Steelers,22,27,Pittsburgh Steelers,420.0,318.0,203.0,284.0,217.0,34.0,1.0,0.0,5.5,6.2,22.0,13.0,0.3888888888888889,0.4285714285714285,2.0,0.0
401772792,2025-12-07 18:00:00+00:00,2025,14,Tampa Bay Buccaneers,New Orleans Saints,20,24,New Orleans Saints,301.0,260.0,122.0,121.0,179.0,139.0,1.0,1.0,4.4,4.7,19.0,16.0,0.2307692307692307,0.4545454545454545,0.0,3.0
401772794,2025-12-07 21:05:00+00:00,2025,14,Las Vegas Raiders,Denver Broncos,17,24,Denver Broncos,229.0,356.0,189.0,204.0,40.0,152.0,0.0,0.0,4.8,4.9,16.0,27.0,0.3333333333333333,0.5833333333333334,4.0,3.0
401772897,2025-12-07 21:25:00+00:00,2025,14,Green Bay Packers,Chicago Bears,28,21,Green Bay Packers,337.0,315.0,220.0,177.0,117.0,138.0,1.0,1.0,6.5,4.6,17.0,21.0,0.6666666666666666,0.5,1.0,1.0
401772901,2025-12-07 21:25:00+00:00,2025,14,Arizona Cardinals,Los Angeles Rams,17,45,Los Angeles Rams,314.0,530.0,263.0,281.0,51.0,249.0,1.0,0.0,5.1,7.9,17.0,30.0,0.3333333333333333,0.375,3.0,0.0
401772932,2025-12-08 01:20:00+00:00,2025,14,Kansas City Chiefs,Houston Texans,10,20,Houston Texans,274.0,268.0,148.0,186.0,126.0,82.0,3.0,0.0,4.3,4.1,15.0,14.0,0.2857142857142857,0.4444444444444444,2.0,3.0
401772822,2025-12-09 01:15:00+00:00,2025,14,Los Angeles Chargers,Philadelphia Eagles,22,19,Los Angeles Chargers,275.0,365.0,106.0,231.0,169.0,134.0,3.0,5.0,3.9,5.5,16.0,19.0,0.3684210526315789,0.3076923076923077,7.0,1.0
401772948,2025-12-12 01:15:00+00:00,2025,15,Tampa Bay Buccaneers,Atlanta Falcons,28,29,Atlanta Falcons,338.0,476.0,250.0,365.0,88.0,111.0,1.0,1.0,5.5,7.2,28.0,27.0,0.4444444444444444,0.4545454545454545,5.0,1.0
401772796,2025-12-14 18:00:00+00:00,2025,15,Cincinnati Bengals,Baltimore Ravens,0,24,Baltimore Ravens,298.0,317.0,198.0,128.0,100.0,189.0,2.0,1.0,4.2,7.9,18.0,15.0,0.2,0.2857142857142857,3.0,4.0
401772903,2025-12-14 18:00:00+00:00,2025,15,Houston Texans,Arizona Cardinals,40,20,Houston Texans,399.0,307.0,256.0,235.0,143.0,72.0,0.0,2.0,6.3,4.9,23.0,22.0,0.5384615384615384,0.4166666666666667,1.0,2.0
401772798,2025-12-14 18:00:00+00:00,2025,15,Kansas City Chiefs,Los Angeles Chargers,13,16,Los Angeles Chargers,239.0,295.0,190.0,201.0,49.0,94.0,2.0,1.0,4.1,4.8,17.0,18.0,0.4615384615384615,0.3571428571428571,5.0,4.0
401772905,2025-12-14 18:00:00+00:00,2025,15,New York Giants,Washington Commanders,21,29,Washington Commanders,384.0,340.0,238.0,195.0,146.0,145.0,1.0,2.0,5.7,5.9,22.0,19.0,0.1666666666666666,0.2727272727272727,1.0,2.0
401772904,2025-12-14 18:00:00+00:00,2025,15,Chicago Bears,Cleveland Browns,31,3,Chicago Bears,361.0,192.0,219.0,142.0,142.0,50.0,0.0,3.0,5.6,3.4,21.0,9.0,0.3846153846153846,0.2857142857142857,3.0,5.0
401772795,2025-12-14 18:00:00+00:00,2025,15,New England Patriots,Buffalo Bills,31,35,Buffalo Bills,385.0,349.0,139.0,181.0,246.0,168.0,1.0,0.0,7.5,5.2,19.0,22.0,0.5,0.5714285714285714,3.0,2.0
401772797,2025-12-14 18:00:00+00:00,2025,15,Jacksonville Jaguars,New York Jets,48,20,Jacksonville Jaguars,438.0,284.0,330.0,154.0,108.0,130.0,1.0,3.0,7.4,4.2,24.0,19.0,0.4444444444444444,0.5333333333333333,0.0,3.0
401772906,2025-12-14 18:00:00+00:00,2025,15,Philadelphia Eagles,Las Vegas Raiders,31,0,Philadelphia Eagles,387.0,75.0,204.0,29.0,183.0,46.0,0.0,1.0,5.9,1.8,27.0,7.0,0.7692307692307693,0.25,1.0,4.0
401772800,2025-12-14 21:25:00+00:00,2025,15,Denver Broncos,Green Bay Packers,34,26,Denver Broncos,391.0,362.0,302.0,247.0,89.0,115.0,1.0,2.0,6.0,5.7,21.0,19.0,0.3636363636363636,0.4615384615384615,0.0,3.0
401772908,2025-12-14 21:25:00+00:00,2025,15,New Orleans Saints,Carolina Panthers,20,17,New Orleans Saints,337.0,281.0,256.0,154.0,81.0,127.0,0.0,1.0,5.3,5.0,27.0,15.0,0.5454545454545454,0.5,5.0,1.0
401772907,2025-12-14 21:25:00+00:00,2025,15,San Francisco 49ers,Tennessee Titans,37,24,San Francisco 49ers,430.0,306.0,292.0,170.0,138.0,136.0,1.0,0.0,6.1,6.2,28.0,18.0,0.6,0.3333333333333333,2.0,0.0
401772909,2025-12-14 21:25:00+00:00,2025,15,Los Angeles Rams,Detroit Lions,41,34,Los Angeles Rams,519.0,396.0,360.0,326.0,159.0,70.0,1.0,0.0,7.5,6.4,30.0,21.0,0.2222222222222222,0.3571428571428571,2.0,1.0
401772799,2025-12-14 21:25:00+00:00,2025,15,Seattle Seahawks,Indianapolis Colts,18,16,Seattle Seahawks,314.0,220.0,264.0,118.0,50.0,102.0,0.0,1.0,5.3,3.8,15.0,14.0,0.1538461538461538,0.3846153846153846,1.0,1.0
401772933,2025-12-15 01:20:00+00:00,2025,15,Dallas Cowboys,Minnesota Vikings,26,34,Minnesota Vikings,423.0,327.0,285.0,250.0,138.0,77.0,0.0,1.0,6.1,6.3,25.0,21.0,0.1666666666666666,0.2222222222222222,2.0,0.0
401772823,2025-12-16 01:15:00+00:00,2025,15,Pittsburgh Steelers,Miami Dolphins,28,15,Pittsburgh Steelers,336.0,285.0,201.0,222.0,135.0,63.0,0.0,1.0,5.4,5.9,22.0,16.0,0.3076923076923077,0.25,3.0,4.0
401772949,2025-12-19 01:15:00+00:00,2025,16,Seattle Seahawks,Los Angeles Rams,38,37,Seattle Seahawks,415.0,581.0,244.0,457.0,171.0,124.0,3.0,0.0,6.6,6.6,22.0,26.0,0.3636363636363636,0.4,4.0,0.0
401772612,2025-12-20 22:00:00+00:00,2025,16,Washington Commanders,Philadelphia Eagles,18,29,Philadelphia Eagles,220.0,385.0,130.0,178.0,90.0,207.0,1.0,1.0,4.3,5.8,15.0,26.0,0.2,0.4444444444444444,2.0,2.0
401772613,2025-12-21 01:20:00+00:00,2025,16,Chicago Bears,Green Bay Packers,22,16,Chicago Bears,400.0,384.0,250.0,192.0,150.0,192.0,0.0,1.0,6.7,5.5,20.0,24.0,0.1818181818181818,0.5,0.0,2.0
401772934,2025-12-21 18:00:00+00:00,2025,16,Miami Dolphins,Cincinnati Bengals,21,45,Cincinnati Bengals,389.0,407.0,260.0,302.0,129.0,105.0,3.0,0.0,6.7,6.7,19.0,23.0,0.2,0.5,0.0,2.0
401772910,2025-12-21 18:00:00+00:00,2025,16,Dallas Cowboys,Los Angeles Chargers,17,34,Los Angeles Chargers,340.0,452.0,249.0,300.0,91.0,152.0,1.0,0.0,6.1,7.3,18.0,24.0,0.4444444444444444,0.6363636363636364,1.0,0.0
401772912,2025-12-21 18:00:00+00:00,2025,16,Carolina Panthers,Tampa Bay Buccaneers,23,20,Carolina Panthers,275.0,296.0,174.0,127.0,101.0,169.0,0.0,1.0,5.1,4.9,16.0,20.0,0.5,0.5714285714285714,2.0,2.0
401772801,2025-12-21 18:00:00+00:00,2025,16,New Orleans Saints,New York Jets,29,6,New Orleans Saints,412.0,195.0,328.0,131.0,84.0,64.0,1.0,2.0,5.3,3.1,23.0,12.0,0.4705882352941176,0.1333333333333333,3.0,8.0
401772803,2025-12-21 18:00:00+00:00,2025,16,Tennessee Titans,Kansas City Chiefs,26,9,Tennessee Titans,376.0,133.0,212.0,82.0,164.0,51.0,0.0,0.0,5.4,3.1,22.0,9.0,0.5294117647058824,0.1111111111111111,2.0,4.0
401772802,2025-12-21 18:00:00+00:00,2025,16,Cleveland Browns,Buffalo Bills,20,23,Buffalo Bills,294.0,259.0,134.0,95.0,160.0,164.0,2.0,0.0,4.6,5.2,22.0,16.0,0.5714285714285714,0.25,3.0,2.0
401772911,2025-12-21 18:00:00+00:00,2025,16,New York Giants,Minnesota Vikings,13,16,Minnesota Vikings,141.0,240.0,13.0,126.0,128.0,114.0,1.0,2.0,2.9,4.1,12.0,17.0,0.2,0.5833333333333334,5.0,4.0
401772914,2025-12-21 21:05:00+00:00,2025,16,Arizona Cardinals,Atlanta Falcons,19,26,Atlanta Falcons,320.0,342.0,188.0,190.0,132.0,152.0,1.0,2.0,5.7,4.7,16.0,24.0,0.5384615384615384,0.5,2.0,1.0
401772913,2025-12-21 21:05:00+00:00,2025,16,Denver Broncos,Jacksonville Jaguars,20,34,Jacksonville Jaguars,445.0,346.0,344.0,265.0,101.0,81.0,2.0,0.0,6.8,5.1,21.0,22.0,0.3571428571428571,0.5333333333333333,1.0,5.0
401772805,2025-12-21 21:25:00+00:00,2025,16,Houston Texans,Las Vegas Raiders,23,21,Houston Texans,270.0,315.0,187.0,170.0,83.0,145.0,0.0,1.0,4.4,5.9,16.0,12.0,0.4666666666666667,0.4285714285714285,0.0,3.0
401772806,2025-12-21 21:25:00+00:00,2025,16,Detroit Lions,Pittsburgh Steelers,24,29,Pittsburgh Steelers,361.0,481.0,346.0,251.0,15.0,230.0,0.0,1.0,5.2,6.9,23.0,23.0,0.4,0.5,3.0,2.0
401772804,2025-12-22 01:20:00+00:00,2025,16,Baltimore Ravens,New England Patriots,24,28,New England Patriots,330.0,453.0,159.0,374.0,171.0,79.0,2.0,2.0,6.1,6.4,18.0,24.0,0.6363636363636364,0.3333333333333333,1.0,4.0
401772824,2025-12-23 01:15:00+00:00,2025,16,Indianapolis Colts,San Francisco 49ers,27,48,San Francisco 49ers,312.0,440.0,254.0,295.0,58.0,145.0,2.0,1.0,5.4,6.7,19.0,28.0,0.5,0.6363636363636364,2.0,1.0
401772710,2025-12-25 18:00:00+00:00,2025,17,Washington Commanders,Dallas Cowboys,23,30,Dallas Cowboys,328.0,480.0,190.0,269.0,138.0,211.0,0.0,0.0,8.0,5.5,17.0,28.0,0.1666666666666666,0.4,2.0,6.0
401772711,2025-12-25 21:30:00+00:00,2025,17,Minnesota Vikings,Detroit Lions,23,10,Minnesota Vikings,161.0,231.0,3.0,163.0,158.0,68.0,0.0,6.0,3.2,3.6,11.0,16.0,0.2307692307692307,0.3571428571428571,7.0,5.0
401772622,2025-12-26 01:15:00+00:00,2025,17,Kansas City Chiefs,Denver Broncos,13,20,Denver Broncos,139.0,303.0,57.0,175.0,82.0,128.0,0.0,1.0,3.3,4.3,10.0,22.0,0.3636363636363636,0.6111111111111112,1.0,1.0
401772951,2025-12-27 21:30:00+00:00,2025,17,Los Angeles Chargers,Houston Texans,16,20,Houston Texans,275.0,362.0,201.0,244.0,74.0,118.0,1.0,2.0,4.7,5.8,16.0,16.0,0.4,0.2727272727272727,5.0,0.0
401772953,2025-12-28 01:00:00+00:00,2025,17,Green Bay Packers,Baltimore Ravens,24,41,Baltimore Ravens,363.0,414.0,284.0,107.0,79.0,307.0,2.0,0.0,8.2,5.6,18.0,30.0,0.5,0.7142857142857143,2.0,1.0
401772809,2025-12-28 18:00:00+00:00,2025,17,Tennessee Titans,New Orleans Saints,26,34,New Orleans Saints,336.0,423.0,228.0,320.0,108.0,103.0,1.0,1.0,4.7,8.1,18.0,16.0,0.3333333333333333,0.4545454545454545,4.0,2.0
401772915,2025-12-28 18:00:00+00:00,2025,17,Indianapolis Colts,Jacksonville Jaguars,17,23,Jacksonville Jaguars,204.0,370.0,135.0,249.0,69.0,121.0,2.0,2.0,3.7,5.4,16.0,21.0,0.3636363636363636,0.5,2.0,2.0
401772807,2025-12-28 18:00:00+00:00,2025,17,Cleveland Browns,Pittsburgh Steelers,13,6,Cleveland Browns,262.0,291.0,184.0,160.0,78.0,131.0,2.0,0.0,5.2,4.5,11.0,15.0,0.3636363636363636,0.2,2.0,2.0
401772808,2025-12-28 18:00:00+00:00,2025,17,New York Jets,New England Patriots,10,42,New England Patriots,307.0,440.0,143.0,285.0,164.0,155.0,1.0,0.0,4.9,7.1,14.0,28.0,0.3125,0.4444444444444444,1.0,1.0
401772916,2025-12-28 18:00:00+00:00,2025,17,Miami Dolphins,Tampa Bay Buccaneers,20,17,Miami Dolphins,298.0,380.0,153.0,327.0,145.0,53.0,0.0,3.0,5.5,6.0,13.0,21.0,0.3333333333333333,0.4615384615384615,2.0,3.0
401772952,2025-12-28 18:00:00+00:00,2025,17,Carolina Panthers,Seattle Seahawks,10,27,Seattle Seahawks,139.0,288.0,40.0,125.0,99.0,163.0,2.0,2.0,2.7,4.4,10.0,19.0,0.0909090909090909,0.5625,2.0,3.0
401772954,2025-12-28 18:00:00+00:00,2025,17,Cincinnati Bengals,Arizona Cardinals,37,14,Cincinnati Bengals,429.0,233.0,309.0,191.0,120.0,42.0,0.0,0.0,5.8,4.3,29.0,12.0,0.6666666666666666,0.2307692307692307,3.0,4.0
401772950,2025-12-28 21:05:00+00:00,2025,17,Las Vegas Raiders,New York Giants,10,34,New York Giants,231.0,343.0,168.0,188.0,63.0,155.0,2.0,0.0,4.3,5.4,14.0,22.0,0.2307692307692307,0.4615384615384615,4.0,2.0
401772917,2025-12-28 21:25:00+00:00,2025,17,Buffalo Bills,Philadelphia Eagles,12,13,Philadelphia Eagles,331.0,190.0,211.0,108.0,120.0,82.0,1.0,0.0,4.5,3.5,20.0,11.0,0.4,0.2307692307692307,5.0,1.0
401772935,2025-12-29 01:20:00+00:00,2025,17,San Francisco 49ers,Chicago Bears,42,38,San Francisco 49ers,496.0,440.0,296.0,330.0,200.0,110.0,1.0,0.0,7.3,6.9,32.0,26.0,0.7,0.5,1.0,0.0
401772825,2025-12-30 01:15:00+00:00,2025,17,Atlanta Falcons,Los Angeles Rams,27,24,Atlanta Falcons,345.0,363.0,126.0,248.0,219.0,115.0,0.0,3.0,6.5,6.0,15.0,16.0,0.3846153846153846,0.3846153846153846,0.0,3.0
401772969,2026-01-03 21:30:00+00:00,2025,18,Tampa Bay Buccaneers,Carolina Panthers,16,14,Tampa Bay Buccaneers,338.0,285.0,198.0,266.0,140.0,19.0,1.0,3.0,5.1,5.8,21.0,16.0,0.5333333333333333,0.125,2.0,0.0
401772961,2026-01-04 01:00:00+00:00,2025,18,San Francisco 49ers,Seattle Seahawks,3,13,Seattle Seahawks,173.0,361.0,120.0,181.0,53.0,180.0,1.0,0.0,4.1,5.4,9.0,23.0,0.2222222222222222,0.4615384615384615,3.0,2.0
401772962,2026-01-04 18:00:00+00:00,2025,18,Houston Texans,Indianapolis Colts,38,30,Houston Texans,339.0,354.0,205.0,278.0,134.0,76.0,0.0,3.0,5.3,5.5,22.0,19.0,0.3076923076923077,0.5333333333333333,0.0,1.0
401772963,2026-01-04 18:00:00+00:00,2025,18,New York Giants,Dallas Cowboys,34,17,New York Giants,380.0,286.0,219.0,143.0,161.0,143.0,1.0,2.0,5.5,5.3,25.0,18.0,0.5714285714285714,0.25,4.0,0.0
401772966,2026-01-04 18:00:00+00:00,2025,18,Atlanta Falcons,New Orleans Saints,19,17,Atlanta Falcons,208.0,340.0,159.0,232.0,49.0,108.0,1.0,2.0,3.4,5.2,14.0,16.0,0.2857142857142857,0.3125,4.0,4.0
401772964,2026-01-04 18:00:00+00:00,2025,18,Cincinnati Bengals,Cleveland Browns,18,20,Cleveland Browns,364.0,200.0,222.0,82.0,142.0,118.0,2.0,1.0,5.5,3.8,24.0,11.0,0.4545454545454545,0.3571428571428571,2.0,6.0
401772968,2026-01-04 18:00:00+00:00,2025,18,Minnesota Vikings,Green Bay Packers,16,3,Minnesota Vikings,363.0,121.0,226.0,-7.0,137.0,128.0,1.0,0.0,5.7,2.4,23.0,12.0,0.2,0.25,2.0,4.0
401772970,2026-01-04 18:00:00+00:00,2025,18,Jacksonville Jaguars,Tennessee Titans,41,7,Jacksonville Jaguars,319.0,194.0,255.0,117.0,64.0,77.0,0.0,1.0,5.5,3.7,24.0,10.0,0.4444444444444444,0.2857142857142857,2.0,1.0
401772967,2026-01-04 21:25:00+00:00,2025,18,Buffalo Bills,New York Jets,35,8,Buffalo Bills,470.0,122.0,259.0,53.0,211.0,69.0,0.0,0.0,6.5,2.7,30.0,9.0,0.4615384615384615,0.3846153846153846,0.0,1.0
401772955,2026-01-04 21:25:00+00:00,2025,18,Los Angeles Rams,Arizona Cardinals,37,20,Los Angeles Rams,395.0,317.0,252.0,238.0,143.0,79.0,0.0,2.0,5.5,6.0,25.0,17.0,0.5625,0.3636363636363636,1.0,6.0
401772956,2026-01-04 21:25:00+00:00,2025,18,Denver Broncos,Los Angeles Chargers,19,3,Denver Broncos,240.0,217.0,124.0,104.0,116.0,113.0,0.0,2.0,4.1,3.1,13.0,13.0,0.3333333333333333,0.35,4.0,4.0
401772958,2026-01-04 21:25:00+00:00,2025,18,New England Patriots,Miami Dolphins,38,10,New England Patriots,457.0,180.0,214.0,117.0,243.0,63.0,0.0,2.0,8.2,3.3,22.0,13.0,0.5,0.3846153846153846,0.0,4.0
401772965,2026-01-04 21:25:00+00:00,2025,18,Chicago Bears,Detroit Lions,16,19,Detroit Lions,270.0,433.0,205.0,311.0,65.0,122.0,1.0,1.0,5.2,6.0,16.0,26.0,0.3636363636363636,0.4615384615384615,1.0,3.0
401772957,2026-01-04 21:25:00+00:00,2025,18,Las Vegas Raiders,Kansas City Chiefs,14,12,Las Vegas Raiders,204.0,168.0,86.0,84.0,118.0,84.0,2.0,2.0,3.3,2.7,12.0,10.0,0.25,0.1764705882352941,3.0,8.0
401772959,2026-01-04 21:25:00+00:00,2025,18,Philadelphia Eagles,Washington Commanders,17,24,Washington Commanders,307.0,274.0,227.0,131.0,80.0,143.0,1.0,2.0,5.0,4.3,18.0,25.0,0.4285714285714285,0.5454545454545454,3.0,0.0
401772960,2026-01-05 01:20:00+00:00,2025,18,Pittsburgh Steelers,Baltimore Ravens,26,24,Pittsburgh Steelers,390.0,359.0,290.0,222.0,100.0,137.0,0.0,1.0,5.3,7.5,24.0,12.0,0.5625,0.3333333333333333,2.0,3.0
