game_id,season,date,team_id,team,team_abbreviation,opponent_team_id,opponent,opponent_abbreviation,home,player_id,player,position,jersey,active,scratched,goals_against,shots_against,shootout_saves,shootout_attempts,saves,save_pct,even_strength_saves,power_play_saves,shorthanded_saves,time_on_ice,season_goals,penalty_minutes,goalie_games_played,goals_against_last_5,goals_against_last_10,goals_against_season,shots_against_last_5,shots_against_last_10,shots_against_season,saves_last_5,saves_last_10,saves_season,save_pct_last_5,save_pct_last_10,save_pct_season,even_strength_saves_last_5,even_strength_saves_last_10,even_strength_saves_season,power_play_saves_last_5,power_play_saves_last_10,power_play_saves_season,shorthanded_saves_last_5,shorthanded_saves_last_10,shorthanded_saves_season,time_on_ice_last_5,time_on_ice_last_10,time_on_ice_season,days_since_last_game,days_rest,back_to_back,opponent_shots_for_last_5,opponent_shots_for_season,opponent_goals_for_last_5,opponent_goals_for_season,opponent_shooting_pct_last_5,opponent_shooting_pct_season,opponent_power_play_pct_last_5,opponent_power_play_pct_season,opponent_days_rest,opponent_back_to_back,toi_minutes_last_5,saves_per_60_last_5,shots_against_per_60_last_5
401891804,2027,2026-09-30 02:00:00+00:00,6,Edmonton Oilers,EDM,22,Vancouver Canucks,VAN,1,3042020,Tristan Jarry,G,35,True,False,6,23,0,0,17,0.739,16,1,0,3693,0,0,0,3.2,3.6,,19.6,21.1,,16.4,17.5,,0.8760000000000001,0.8526,,14.2,14.2,,1.6,2.9,,0.6,0.4,,3122.0,2881.9,,174.0,10.0,0,25.8,,2.8,,0.1069480925578486,,0.4166666666666667,,10.0,0,52.03333333333333,18.91095451633568,22.60089686098655
401891823,2027,2026-10-02 02:00:00+00:00,26,Florida Panthers,FLA,18,San Jose Sharks,SJ,0,4587845,Akira Schmid,G,40,True,False,4,32,0,0,28,0.875,19,7,2,3794,0,0,0,2.8,2.8,,23.2,24.5,,20.4,21.7,,0.8852,0.8881,,16.4,18.0,,3.6,3.4,,0.4,0.3,,3363.4,3478.9,,194.33333333333331,10.0,0,24.8,,3.0,,0.115256320439555,,0.4375000000000001,,10.0,0,56.056666666666665,21.83504786822858,24.832015222691325
401891803,2027,2026-10-02 22:30:00+00:00,13,New York Rangers,NYR,5,Detroit Red Wings,DET,0,4697705,Dylan Garand,G,33,True,False,0,22,0,0,22,1.0,19,2,1,3600,0,0,0,1.6666666666666667,1.6666666666666667,,32.0,32.0,,30.33333333333333,30.33333333333333,,0.9483333333333333,0.9483333333333333,,22.666666666666668,22.666666666666668,,7.0,7.0,,0.6666666666666666,0.6666666666666666,,3700.0,3700.0,,169.97916666666666,10.0,0,28.6,,3.2,,0.1198825498825498,,0.3500000000000002,,10.0,0,61.66666666666666,29.51351351351352,31.135135135135137
401892436,2027,2026-10-03 23:00:00+00:00,29,Columbus Blue Jackets,CBJ,129764,Utah Mammoth,UTA,1,4894366,Jet Greaves,G,73,True,False,4,31,0,0,27,0.871,21,5,1,3600,0,0,1,2.8,2.8,3.0,22.8,26.8,26.0,20.0,24.0,23.0,0.8778,0.8929,0.885,16.2,21.0,17.0,3.4,2.8,5.0,0.4,0.2,1.0,3538.8,3599.8,3600.0,2.0,1.0,0,29.4,32.0,3.2,6.0,0.1056686934310622,0.1875,0.3166666666666666,0.6666666666666666,0.8958333333333333,0,58.98,20.34587995930824,23.194303153611397
401891826,2027,2026-10-03 23:00:00+00:00,23,Washington Capitals,WSH,20,Tampa Bay Lightning,TB,0,3095975,Charlie Lindgren,G,79,True,False,2,29,0,0,27,0.931,24,3,0,3456,0,0,0,4.4,4.0,,29.4,30.9,,25.0,26.9,,0.8516000000000001,0.8680999999999999,,18.6,21.7,,5.8,4.7,,0.6,0.5,,3655.8,3640.4,,181.0,10.0,0,23.8,24.0,2.0,1.0,0.085377973281199,0.0416666666666666,0.0,0.0,1.0,0,60.93,24.61841457410143,28.95125553914328
401891818,2027,2026-10-03 23:30:00+00:00,11,New Jersey Devils,NJ,12,New York Islanders,NYI,0,4697683,Nico Daws,G,50,True,False,6,32,0,0,26,0.813,18,5,3,3592,0,0,0,2.6,1.5,,27.6,21.7,,25.0,20.2,,0.904,0.8446,,21.2,16.6,,3.6,3.3,,0.2,0.3,,3614.0,2906.9,,172.02083333333334,10.0,0,31.4,27.0,1.6,1.0,0.0428619528619528,0.037037037037037,0.0800000000000001,0.0,2.0,0,60.23333333333333,24.90315439955728,27.493082457111235
401892438,2027,2026-10-04 00:00:00+00:00,9,Dallas Stars,DAL,27,Nashville Predators,NSH,0,3025540,Casey DeSmith,G,1,True,False,2,26,0,0,24,0.923,23,1,0,3504,0,0,0,2.4,2.4,,25.4,22.1,,23.0,19.7,,0.9094,0.8906999999999998,,19.6,16.5,,2.8,2.6,,0.6,0.6,,3323.8,3451.1,,173.02083333333334,10.0,0,24.2,20.0,2.0,1.0,0.0872294372294372,0.05,0.2333333333333334,0.0,1.0,0,55.39666666666667,24.911246164029123,27.510680546362597
401891814,2027,2026-10-04 00:00:00+00:00,1,Boston Bruins,BOS,30,Minnesota Wild,MIN,0,4392765,Michael DiPietro,G,30,True,False,3,29,0,0,26,0.897,21,4,1,3473,0,0,0,2.75,2.75,,12.5,12.5,,9.75,9.75,,0.84725,0.84725,,8.0,8.0,,0.75,0.75,,1.0,1.0,,1976.75,1976.75,,219.0,10.0,0,26.8,30.0,2.8,3.0,0.1042521994134897,0.1,0.2100000000000001,0.25,1.0,0,32.94583333333333,17.7564183634754,22.76463892753257
401892439,2027,2026-10-04 01:00:00+00:00,19,St. Louis Blues,STL,17,Colorado Avalanche,COL,0,2590874,Jordan Binnington,G,50,True,False,6,36,0,0,30,0.833,22,8,0,3600,0,0,0,2.4,2.5,,22.2,24.4,,19.8,21.9,,0.8948000000000003,0.8935000000000001,,17.0,18.6,,2.0,2.5,,0.8,0.8,,3602.6,3557.3,,171.97916666666666,10.0,0,33.2,29.0,3.4,8.0,0.1073904589058853,0.2758620689655172,0.2266666666666668,0.8,1.9583333333333333,0,60.04333333333333,19.785710320324213,22.183978237939268
401892441,2027,2026-10-04 02:00:00+00:00,8,Los Angeles Kings,LA,18,San Jose Sharks,SJ,0,3036851,Anton Forsberg,G,31,True,False,5,25,0,0,20,0.8,17,3,0,3772,0,0,0,1.6,2.1,,27.0,26.1,,25.4,24.1,,0.9398000000000002,0.9285,,23.2,20.7,,1.4,2.6,,0.8,0.8,,3643.0,3384.0,,170.04166666666666,10.0,0,27.4,32.0,3.6,4.0,0.1297300046500813,0.125,0.4000000000000002,0.25,1.0,0,60.71666666666667,25.10019214932748,26.681306615426845
401891824,2027,2026-10-05 00:00:00+00:00,3,Calgary Flames,CGY,124292,Seattle Kraken,SEA,0,4587952,Dustin Wolf,G,32,True,False,6,27,0,0,21,0.778,21,0,0,3600,0,0,1,3.4,3.1,6.0,34.4,29.6,32.0,31.0,26.5,26.0,0.8997999999999999,0.8873999999999999,0.813,25.4,20.9,21.0,4.6,4.3,5.0,1.0,1.3,0.0,3552.6,3287.9,3590.0,2.958333333333333,1.9583333333333333,0,26.0,26.0,2.2,3.5,0.0743774703557312,0.11875,0.2333333333333334,0.35,0.0416666666666667,1,59.21,31.413612565445025,34.85897652423577
401892445,2027,2026-10-05 23:00:00+00:00,15,Philadelphia Flyers,PHI,20,Tampa Bay Lightning,TB,0,3942459,Dan Vladar,G,80,True,False,3,35,0,0,32,0.914,28,4,0,3444,0,0,1,3.0,2.8,7.0,24.8,23.6,38.0,21.8,20.8,31.0,0.8321999999999999,0.8525,0.816,18.8,17.9,27.0,2.6,2.5,4.0,0.4,0.4,0.0,3234.4,3399.7,3581.0,4.979166666666667,3.979166666666667,0,26.2,27.0,2.4,2.0,0.0942668621700879,0.0708333333333333,0.0,0.0,1.0,0,53.906666666666666,24.26416027702201,27.603264902300275
401892445,2027,2026-10-05 23:00:00+00:00,20,Tampa Bay Lightning,TB,15,Philadelphia Flyers,PHI,1,2976847,Andrei Vasilevskiy,G,88,True,False,1,15,0,0,14,0.933,11,3,0,3600,0,0,2,2.2,2.2,2.5,23.4,24.1,22.5,21.2,21.9,20.0,0.9084,0.9103,0.8925,17.0,17.4,17.5,3.6,3.7,2.0,0.6,0.8,0.5,3534.2,3534.6,3476.0,2.0,1.0,0,22.0,20.666666666666668,2.2,1.3333333333333333,0.0963091787439613,0.0637037037037037,0.125,0.0,1.0,0,58.90333333333333,21.594703186010975,23.835662950597023
401892447,2027,2026-10-05 23:30:00+00:00,28,Winnipeg Jets,WPG,16,Pittsburgh Penguins,PIT,0,5104602,Clay Stevenson,G,33,True,False,2,31,0,0,29,0.935,27,2,0,3600,0,0,0,2.6,2.6,,27.8,27.8,,25.2,25.2,,0.904,0.904,,21.8,21.8,,2.8,2.8,,0.6,0.6,,3596.8,3596.8,,174.02083333333334,10.0,0,25.2,34.0,4.2,6.5,0.1748658206781776,0.1921052631578947,0.2500000000000001,0.5,1.0208333333333337,0,59.94666666666667,25.22241992882562,27.824733096085406
401892447,2027,2026-10-05 23:30:00+00:00,16,Pittsburgh Penguins,PIT,28,Winnipeg Jets,WPG,1,5188366,Sergei Murashov,G,1,True,False,3,35,0,0,32,0.914,30,1,1,3443,0,0,0,2.4,2.4,,23.2,23.2,,20.8,20.8,,0.9032,0.9032,,15.8,15.8,,4.8,4.8,,0.2,0.2,,3375.4,3375.4,,295.1458333333333,10.0,0,26.8,30.0,2.4,3.0,0.0902027521592739,0.101010101010101,0.39,0.5416666666666666,0.2708333333333332,1,56.25666666666667,22.18403744741364,24.743734075961367
401892448,2027,2026-10-06 00:00:00+00:00,18,San Jose Sharks,SJ,9,Dallas Stars,DAL,0,4697394,Yaroslav Askarov,G,30,True,False,5,26,0,0,21,0.808,14,6,1,3589,0,0,2,4.2,3.8,3.5,31.2,28.2,30.5,27.0,24.4,27.0,0.8580000000000002,0.8687000000000001,0.8855,21.6,20.1,22.0,5.0,3.8,4.5,0.4,0.5,0.5,3734.2,3462.7,3796.0,1.9166666666666667,0.9166666666666669,0,26.8,27.5,2.6,0.5,0.0937907268170426,0.0166666666666666,0.1833333333333335,0.0,1.0,0,62.236666666666665,26.02967168335922,30.078731722992877
401892451,2027,2026-10-06 23:00:00+00:00,11,New Jersey Devils,NJ,129764,Utah Mammoth,UTA,1,5111,Jake Allen,G,34,True,False,5,31,0,0,26,0.839,18,8,0,3449,0,0,1,3.0,2.9,2.0,28.6,28.9,25.0,25.6,26.0,23.0,0.8956000000000003,0.9000000000000001,0.92,23.0,23.5,22.0,2.6,2.4,1.0,0.0,0.1,0.0,3690.2,3615.6,3803.0,5.0,4.0,0,30.4,31.0,4.0,4.0,0.1305045192457535,0.1277329749103942,0.5791666666666666,0.6388888888888888,1.0416666666666663,0,61.50333333333333,24.974256137878708,27.900926779036368
401892453,2027,2026-10-06 23:00:00+00:00,2,Buffalo Sabres,BUF,30,Minnesota Wild,MIN,1,4736758,Colten Ellis,G,92,True,False,2,20,0,0,18,0.9,18,0,0,3862,0,0,0,2.4,2.5,,28.2,26.8,,25.8,24.3,,0.9076,0.9106,,21.6,20.2,,3.2,3.3,,1.0,0.8,,3495.6,3285.4,,174.0,10.0,0,26.6,30.0,2.8,3.5,0.1051124144672531,0.1166666666666666,0.2233333333333334,0.4583333333333333,1.9583333333333333,0,58.26,26.570545829042224,29.0422245108136
401892450,2027,2026-10-06 23:00:00+00:00,14,Ottawa Senators,OTT,5,Detroit Red Wings,DET,0,4587815,Samuel Ersson,G,30,True,False,4,35,0,0,31,0.886,23,6,2,3476,0,0,1,2.0,1.7,1.0,17.8,19.0,9.0,15.8,17.3,8.0,0.882,0.9126,0.889,14.0,15.1,8.0,1.4,1.5,0.0,0.4,0.7,0.0,2828.4,3011.8,1200.0,0.9791666666666666,0.0,1,28.4,29.0,1.8,1.0,0.0602319902319902,0.0277777777777777,0.0400000000000001,0.1,1.25,0,47.14,20.110309715740343,22.655918540517607
401891815,2027,2026-10-06 23:00:00+00:00,10,Montreal Canadiens,MTL,7,Carolina Hurricanes,CAR,1,4697686,Jakub Dobes,G,75,True,False,5,32,0,0,27,0.844,21,2,4,3433,0,0,2,3.6,2.7,4.0,26.8,30.3,29.0,23.2,27.6,25.0,0.8722,0.9097,0.8645,18.0,22.1,19.5,4.6,4.4,5.0,0.6,1.1,0.5,3538.4,3620.0,3560.0,3.0,2.0,0,27.0,29.33333333333333,1.8,1.6666666666666667,0.0615534465534465,0.0452020202020202,0.3333333333333333,0.2222222222222222,2.0,0,58.973333333333336,23.60388876328284,27.266561157585347
401892449,2027,2026-10-06 23:00:00+00:00,21,Toronto Maple Leafs,TOR,27,Nashville Predators,NSH,1,3067313,Anthony Stolarz,G,41,True,False,4,25,0,0,21,0.84,20,1,0,3886,0,0,1,2.0,2.1,1.0,21.0,25.9,27.0,19.0,23.8,26.0,0.9226,0.9291,0.963,15.2,18.9,23.0,3.4,4.1,2.0,0.4,0.8,1.0,2913.8,3085.0,3502.0,5.979166666666667,4.979166666666667,0,23.4,23.0,2.2,1.5,0.0959473859473859,0.0634615384615384,0.2666666666666668,0.3333333333333333,1.9583333333333333,0,48.56333333333334,23.474500652069462,25.94550072070835
401891815,2027,2026-10-06 23:00:00+00:00,7,Carolina Hurricanes,CAR,10,Montreal Canadiens,MTL,0,4996097,Brandon Bussi,G,32,True,False,4,20,0,0,16,0.8,11,4,1,3600,0,0,2,2.8,2.9,3.0,24.2,23.7,23.5,21.4,20.8,20.5,0.8814,0.8753,0.8825,18.6,17.5,16.5,1.8,2.4,2.5,1.0,0.9,1.5,3731.8,3666.6,3747.5,4.0,3.0,0,24.4,24.5,3.2,4.0,0.1333385579937304,0.1625,0.15,0.0,2.0,0,62.19666666666667,20.644193150758344,23.345302534969715
401892450,2027,2026-10-06 23:00:00+00:00,5,Detroit Red Wings,DET,14,Ottawa Senators,OTT,1,2590824,John Gibson,G,36,True,False,3,25,0,0,22,0.88,16,4,2,3594,0,0,2,2.8,2.9,2.0,21.8,23.2,23.5,19.0,20.3,21.5,0.8628000000000002,0.8607000000000001,0.9195,15.8,17.5,17.0,3.0,2.7,4.0,0.2,0.1,0.5,2850.4,2912.4,3486.5,2.25,1.25,0,27.4,26.5,3.2,3.5,0.1273124621899576,0.1350574712643678,0.2233333333333333,0.0,0.0,1,47.50666666666667,23.996632051641875,27.53297782767331
401892452,2027,2026-10-06 23:30:00+00:00,12,New York Islanders,NYI,13,New York Rangers,NYR,0,3759,Semyon Varlamov,G,40,True,False,3,22,0,0,19,0.864,15,4,0,3566,0,0,0,2.6,2.9,,26.6,26.2,,24.0,23.3,,0.8964000000000001,0.8869,,19.4,20.3,,3.6,2.2,,1.0,0.8,,3638.0,3614.4,,676.1458333333334,10.0,0,22.6,23.0,3.0,2.75,0.1335064935064935,0.1192640692640692,0.2166666666666667,0.1875,1.0625,0,60.63333333333333,23.749312809235843,26.322155030236395
401892452,2027,2026-10-06 23:30:00+00:00,13,New York Rangers,NYR,12,New York Islanders,NYI,1,3151297,Igor Shesterkin,G,31,True,False,2,19,0,0,17,0.895,15,2,0,3600,1,0,3,2.0,2.0,1.6666666666666667,24.0,23.4,25.33333333333333,22.0,21.4,23.666666666666668,0.918,0.912,0.9333333333333332,18.2,17.5,20.33333333333333,3.8,3.7,3.333333333333333,0.0,0.2,0.0,3568.0,3560.9,3587.0,2.0625,1.0625,0,29.0,29.5,1.8,3.5,0.0576346801346801,0.1122685185185185,0.0666666666666668,0.1666666666666666,2.0,0,59.46666666666667,22.19730941704036,24.2152466367713
401891779,2027,2026-10-07 00:00:00+00:00,4,Chicago Blackhawks,CHI,19,St. Louis Blues,STL,1,4565234,Spencer Knight,G,30,True,False,2,27,0,0,25,0.926,20,5,0,3600,0,0,2,4.4,3.9,4.0,25.8,29.0,32.0,21.4,25.1,28.0,0.8236000000000001,0.8569000000000001,0.873,19.8,22.4,25.5,1.2,2.2,2.0,0.4,0.5,0.5,3580.8,3540.1,3564.0,3.0416666666666665,2.0416666666666665,0,26.4,25.0,4.6,2.5,0.1752151445143658,0.1025641025641025,0.0666666666666667,0.0,1.9583333333333333,0,59.68,21.51474530831099,25.93833780160858
401892454,2027,2026-10-07 01:40:00+00:00,37,Vegas Golden Knights,VGK,124292,Seattle Kraken,SEA,0,4064582,Carter Hart,G,79,True,False,2,27,0,0,25,0.926,18,7,0,3600,0,0,2,2.2,2.0,3.0,24.8,21.0,23.0,22.6,19.0,20.0,0.9062,0.8123000000000001,0.8615,19.4,16.1,17.0,1.8,2.0,2.0,1.4,0.9,1.0,3581.8,3307.7,3528.5,3.986111111111111,2.986111111111111,0,24.8,26.33333333333333,2.8,4.333333333333333,0.1006400966183575,0.1532407407407407,0.2333333333333334,0.35,1.0694444444444446,0,59.69666666666667,22.71483611591937,24.926014852867272
401892454,2027,2026-10-07 01:40:00+00:00,124292,Seattle Kraken,SEA,37,Vegas Golden Knights,VGK,1,3942073,Joey Daccord,G,35,True,False,5,21,0,0,16,0.762,14,2,0,2393,0,0,2,2.2,2.9,1.0,26.6,26.7,29.0,24.4,23.9,28.0,0.9068,0.8913,0.965,23.0,21.8,25.5,0.8,1.4,1.5,0.6,0.7,1.0,3224.6,3426.3,3585.0,2.0694444444444446,1.0694444444444446,0,31.8,31.666666666666668,4.2,3.6666666666666665,0.1308037765932503,0.1140926640926641,0.2304761904761905,0.2888888888888889,1.0277777777777777,0,53.74333333333333,27.240587979904483,29.69670656825653
401892454,2027,2026-10-07 01:40:00+00:00,124292,Seattle Kraken,SEA,37,Vegas Golden Knights,VGK,1,5657,Philipp Grubauer,G,31,True,False,1,7,0,0,6,0.857,3,3,0,1200,0,0,1,2.4,2.7,2.0,26.4,26.2,25.0,24.0,23.5,23.0,0.9020000000000004,0.8866999999999999,0.92,19.4,20.0,15.0,3.8,2.9,7.0,0.8,0.6,1.0,3303.2,3328.3,3546.0,3.111111111111111,2.111111111111111,0,31.8,31.666666666666668,4.2,3.6666666666666665,0.1308037765932503,0.1140926640926641,0.2304761904761905,0.2888888888888889,1.0277777777777777,0,55.05333333333333,26.15645434729959,28.77209978202955
401891806,2027,2026-10-07 02:20:00+00:00,26,Florida Panthers,FLA,8,Los Angeles Kings,LA,0,5452,Jacob Markstrom,G,25,True,False,1,20,0,0,19,0.95,10,5,4,3600,0,0,2,2.2,2.8,1.5,19.0,21.4,17.5,16.8,18.6,16.0,0.8930000000000001,0.8751,0.925,12.4,15.1,10.0,3.6,2.4,5.0,0.8,1.1,1.0,3680.4,3630.7,3859.0,2.0972222222222223,1.0972222222222223,0,31.6,33.0,3.4,4.0,0.1067868437697659,0.1216589861751152,0.2333333333333334,0.3333333333333333,2.013888888888889,0,61.34,16.432996413433322,18.584936419954357
401891806,2027,2026-10-07 02:20:00+00:00,8,Los Angeles Kings,LA,26,Florida Panthers,FLA,1,2610321,Darcy Kuemper,G,35,True,False,2,30,0,0,28,0.933,18,9,1,3476,0,0,1,5.4,3.7,8.0,24.8,24.2,29.0,19.4,20.5,21.0,0.7668000000000001,0.8434000000000001,0.724,15.6,17.1,18.0,2.6,2.1,3.0,1.2,1.3,0.0,3474.0,3603.1,3565.0,6.013888888888889,5.013888888888889,0,24.2,25.666666666666668,3.4,2.0,0.1406230060262318,0.0766335814722911,0.2333333333333335,0.0555555555555555,1.0972222222222223,0,57.9,20.10362694300518,25.699481865284973
401891830,2027,2026-10-07 23:30:00+00:00,16,Pittsburgh Penguins,PIT,23,Washington Capitals,WSH,0,4576894,Arturs Silovs,G,37,True,False,5,27,0,0,22,0.815,15,5,2,3364,0,0,2,2.8,3.2,2.5,23.0,24.2,22.0,20.2,21.0,19.5,0.8704000000000001,0.8642,0.9,15.4,17.4,14.5,4.0,2.9,4.0,0.8,0.7,1.0,3097.8,3377.9,3646.5,4.020833333333333,3.020833333333333,0,25.6,24.0,3.4,3.0,0.1253306878306878,0.1164021164021164,0.2666666666666668,0.25,3.020833333333333,0,51.63,23.474723997675767,26.728646135967463
401891830,2027,2026-10-07 23:30:00+00:00,23,Washington Capitals,WSH,16,Pittsburgh Penguins,PIT,1,4272888,Logan Thompson,G,48,True,False,3,30,0,0,27,0.9,22,3,2,3600,0,0,1,1.4,2.7,2.0,25.8,27.7,33.0,24.4,25.0,31.0,0.923,0.8926000000000001,0.939,19.2,19.8,17.0,5.2,4.4,14.0,0.0,0.8,0.0,3591.0,3602.7,3593.0,5.020833333333333,4.020833333333333,0,29.2,33.0,4.0,5.0,0.1332235919391747,0.1495755517826825,0.2000000000000001,0.3333333333333333,1.0,0,59.85,24.46115288220551,25.864661654135336
401892455,2027,2026-10-07 23:30:00+00:00,17,Colorado Avalanche,COL,28,Winnipeg Jets,WPG,0,3904177,Mackenzie Blackwood,G,39,True,False,3,19,0,0,16,0.842,16,0,0,3553,0,0,2,2.0,2.6,2.5,29.2,26.0,28.5,27.2,23.4,26.0,0.9328,0.8920999999999999,0.9165,24.0,19.8,22.0,2.2,2.7,3.5,1.0,0.9,0.5,3610.8,3443.1,3600.0,3.9375,2.9375,0,29.2,31.666666666666668,2.6,3.0,0.0899543049543049,0.0959114959114959,0.3500000000000001,0.3611111111111111,1.0,0,60.18,27.11864406779661,29.11266201395812
401892455,2027,2026-10-07 23:30:00+00:00,28,Winnipeg Jets,WPG,17,Colorado Avalanche,COL,1,4268767,Stuart Skinner,G,74,True,False,2,34,0,0,32,0.941,26,5,1,3600,0,0,2,2.8,3.1,3.0,26.8,26.7,33.0,24.0,23.6,30.0,0.8898000000000001,0.882,0.9055,20.6,19.8,25.0,3.2,3.1,4.5,0.2,0.7,0.5,3390.0,3493.9,3700.5,3.270833333333333,2.270833333333333,0,34.0,32.5,4.2,7.0,0.1282237922392187,0.2212643678160919,0.1600000000000002,0.4,2.9375,0,56.5,25.48672566371681,28.46017699115044
401892456,2027,2026-10-08 02:00:00+00:00,25,Anaheim Ducks,ANA,6,Edmonton Oilers,EDM,1,4588165,Lukas Dostal,G,1,True,False,5,17,0,0,12,0.706,11,1,0,2381,0,0,2,2.6,3.4,2.5,25.2,26.4,30.5,22.6,23.0,28.0,0.8956000000000002,0.869,0.9175,19.0,18.7,22.5,3.2,3.6,5.0,0.4,0.7,0.5,3665.2,3618.8,3711.5,3.083333333333333,2.083333333333333,0,32.0,31.33333333333333,4.8,5.666666666666667,0.1489057934219224,0.1802807770549706,0.2633333333333334,0.2166666666666666,3.125,0,61.086666666666666,22.19797009712976,24.751718869365927
401892456,2027,2026-10-08 02:00:00+00:00,25,Anaheim Ducks,ANA,6,Edmonton Oilers,EDM,1,3151137,Ville Husso,G,33,True,False,0,2,0,0,2,1.0,1,1,0,958,0,0,0,4.0,3.2,,24.6,27.6,,20.6,24.4,,0.8350000000000002,0.877,,17.8,19.2,,2.4,4.0,,0.4,1.2,,3708.2,3631.1,,174.08333333333334,10.0,0,32.0,31.33333333333333,4.8,5.666666666666667,0.1489057934219224,0.1802807770549706,0.2633333333333334,0.2166666666666666,3.125,0,61.80333333333333,19.998921309530232,23.88220700070115
401892456,2027,2026-10-08 02:00:00+00:00,6,Edmonton Oilers,EDM,25,Anaheim Ducks,ANA,0,4894487,Devon Levi,G,27,True,False,2,31,0,0,29,0.935,19,9,1,3589,0,0,2,4.2,3.8,4.0,29.2,26.3,21.0,25.0,22.5,17.0,0.8501999999999998,0.8209,0.8160000000000001,20.6,17.9,14.0,3.4,3.9,2.0,1.0,0.7,1.0,3484.6,3260.1,3584.5,4.125,3.125,0,28.8,20.0,3.4,3.5,0.128033033033033,0.175,0.3500000000000002,0.375,2.083333333333333,0,58.07666666666667,25.82792860012627,30.16702060494748
401892461,2027,2026-10-08 23:00:00+00:00,22,Vancouver Canucks,VAN,7,Carolina Hurricanes,CAR,0,4341584,Kevin Lankinen,G,32,True,False,6,18,0,0,12,0.667,9,3,0,2382,0,0,3,5.0,4.3,5.333333333333333,30.8,29.8,28.33333333333333,26.0,25.6,23.33333333333333,0.8298000000000002,0.8432999999999999,0.8026666666666666,21.0,21.5,18.33333333333333,4.8,3.7,5.0,0.2,0.4,0.0,3246.6,3262.6,2951.6666666666665,3.9166666666666665,2.9166666666666665,0,28.4,30.25,2.6,2.75,0.0825324675324675,0.0793560606060606,0.1733333333333334,0.2166666666666666,1.0,0,54.11,28.830160783588987,34.152652005174645
401892461,2027,2026-10-08 23:00:00+00:00,7,Carolina Hurricanes,CAR,22,Vancouver Canucks,VAN,1,4565259,Pyotr Kochetkov,G,52,True,False,2,20,0,0,18,0.9,11,7,0,3600,0,0,1,2.8,2.1,2.0,22.4,20.7,18.0,19.6,18.6,16.0,0.8737999999999999,0.8023999999999999,0.889,16.0,14.9,13.0,2.2,2.7,3.0,1.4,1.0,0.0,3670.8,3318.0,3771.0,5.0,4.0,0,20.6,22.75,4.0,4.75,0.1832461741157393,0.2082243843113408,0.2333333333333333,0.2916666666666666,2.9166666666666665,0,61.18,19.221967963386728,21.96796338672769
401892460,2027,2026-10-08 23:00:00+00:00,20,Tampa Bay Lightning,TB,30,Minnesota Wild,MIN,1,5174160,Dennis Hildeby,G,35,True,False,2,36,0,0,34,0.944,31,3,0,3577,0,0,0,2.4,3.0,,28.0,28.1,,25.6,25.2,,0.9314,0.9046999999999998,,21.0,20.7,,4.0,4.0,,0.6,0.5,,3160.2,3169.3,,175.97916666666666,10.0,0,26.2,26.666666666666668,3.0,3.0,0.116021505376344,0.1111111111111111,0.2733333333333334,0.3888888888888888,1.0,0,52.67,29.162711220808816,31.896715397759635
401892460,2027,2026-10-08 23:00:00+00:00,30,Minnesota Wild,MIN,20,Tampa Bay Lightning,TB,0,4874737,Jesper Wallstedt,G,30,True,False,3,35,0,0,32,0.914,27,3,2,3543,0,0,3,1.8,1.6,1.6666666666666667,26.8,24.3,25.0,25.0,22.7,23.33333333333333,0.9322,0.9381,0.9353333333333332,20.0,18.4,18.666666666666668,4.2,3.9,4.0,0.8,0.4,0.6666666666666666,3608.4,3252.6,3672.0,2.0,1.0,0,28.6,30.0,2.8,2.6666666666666665,0.0998224177256435,0.0842592592592592,0.0,0.0,2.0,0,60.14,24.94180246092451,26.73761223811108
401892459,2027,2026-10-08 23:00:00+00:00,27,Nashville Predators,NSH,10,Montreal Canadiens,MTL,0,3042109,Juuse Saros,G,74,True,False,2,34,0,0,32,0.941,30,1,1,3600,0,0,3,3.6,3.4,3.0,32.8,31.4,32.333333333333336,29.2,28.0,29.33333333333333,0.8918000000000001,0.8931000000000001,0.9106666666666668,23.0,23.0,22.666666666666668,5.6,4.3,5.666666666666667,0.6,0.7,1.0,3623.6,3668.5,3657.0,2.0,1.0,0,24.0,23.0,3.6,4.0,0.1551567398119122,0.175,0.1333333333333333,0.0555555555555555,1.0,0,60.39333333333333,29.009824483938623,32.58637818743791
401892459,2027,2026-10-08 23:00:00+00:00,10,Montreal Canadiens,MTL,27,Nashville Predators,NSH,1,5188437,Jacob Fowler,G,32,False,False,3,18,0,0,15,0.833,9,6,0,3533,0,0,0,1.8,2.3,,24.4,26.2,,22.6,23.9,,0.9208,0.9084,,19.4,20.7,,3.0,3.0,,0.2,0.2,,3568.4,3541.1,,179.04166666666666,10.0,0,24.0,23.666666666666668,2.6,2.333333333333333,0.1097655677655677,0.0956410256410256,0.4666666666666668,0.5555555555555555,1.0,0,59.473333333333336,22.80013451406793,24.616074431117585
401891820,2027,2026-10-08 23:00:00+00:00,15,Philadelphia Flyers,PHI,14,Ottawa Senators,OTT,0,4271575,Joseph Woll,G,53,True,False,2,26,0,0,24,0.923,18,5,1,3495,0,0,2,4.0,4.0,3.0,32.8,35.9,42.0,28.8,31.9,39.0,0.8664,0.8817,0.9285,22.2,25.9,31.5,5.8,5.3,6.5,0.8,0.7,1.0,3634.8,3609.6,3768.5,5.0,4.0,0,29.2,26.0,3.2,3.333333333333333,0.1138124621899576,0.1300383141762452,0.2233333333333333,0.0666666666666666,1.0,0,60.580000000000005,28.52426543413668,32.48596896665566
401892458,2027,2026-10-08 23:00:00+00:00,2,Buffalo Sabres,BUF,9,Dallas Stars,DAL,1,4233889,Ukko-Pekka Luukkonen,G,1,True,False,4,18,0,0,14,0.778,10,3,1,3594,0,0,2,2.8,2.6,4.0,19.6,24.0,18.5,16.8,21.4,14.5,0.8562,0.8857999999999999,0.7865,13.4,17.9,11.5,2.8,3.0,2.0,0.6,0.5,1.0,3589.6,3617.7,3574.0,5.0,4.0,0,28.2,27.0,3.2,2.0,0.1111996336996337,0.0752136752136752,0.1333333333333335,0.0,1.9583333333333333,0,59.82666666666667,16.848673946957877,19.65678627145086
401892457,2027,2026-10-08 23:00:00+00:00,129764,Utah Mammoth,UTA,1,Boston Bruins,BOS,0,4874732,Sebastian Cossa,G,33,True,False,3,8,0,0,5,0.625,5,0,0,951,0,0,1,1.5,1.5,1.0,16.5,16.5,19.0,15.0,15.0,18.0,0.902,0.902,0.947,13.0,13.0,16.0,1.5,1.5,2.0,0.5,0.5,0.0,3150.0,3150.0,3600.0,5.0,4.0,0,25.0,24.75,2.6,2.25,0.1014565771545176,0.0883591829816086,0.0,0.0,1.9791666666666663,0,52.5,17.142857142857142,18.857142857142858
401892457,2027,2026-10-08 23:00:00+00:00,129764,Utah Mammoth,UTA,1,Boston Bruins,BOS,0,3942065,Karel Vejmelka,G,70,True,False,3,14,0,0,11,0.786,11,0,0,2629,0,0,3,2.4,2.7,2.0,22.2,24.5,23.0,19.8,21.8,21.0,0.8948,0.8894,0.922,16.0,17.4,16.666666666666668,3.4,3.5,4.0,0.4,0.9,0.3333333333333333,3335.0,3451.1,3568.6666666666665,2.0,1.0,0,25.0,24.75,2.6,2.25,0.1014565771545176,0.0883591829816086,0.0,0.0,1.9791666666666663,0,55.583333333333336,21.37331334332833,23.964017991004496
401892457,2027,2026-10-08 23:00:00+00:00,1,Boston Bruins,BOS,129764,Utah Mammoth,UTA,1,4712036,Jeremy Swayman,G,1,True,False,1,37,0,0,36,0.973,25,11,0,3600,0,0,3,1.8,2.4,2.333333333333333,25.2,25.5,27.0,23.4,23.1,24.666666666666668,0.9318000000000002,0.9069,0.914,21.2,20.2,21.666666666666668,1.8,1.9,2.333333333333333,0.4,1.0,0.6666666666666666,3611.8,3422.0,3648.3333333333335,2.9791666666666665,1.9791666666666663,0,29.4,31.0,4.0,4.25,0.1349848059841047,0.1361223118279569,0.6041666666666666,0.6041666666666666,1.0,0,60.19666666666667,23.32355058419624,25.117669859903646
401891820,2027,2026-10-08 23:00:00+00:00,14,Ottawa Senators,OTT,15,Philadelphia Flyers,PHI,1,3069285,Linus Ullmark,G,35,True,False,1,29,0,0,28,0.966,22,4,2,3600,0,0,2,1.0,2.1,1.0,23.0,24.4,19.5,22.0,22.3,18.5,0.9642000000000002,0.9107999999999998,0.9655,19.2,18.3,15.5,2.0,3.3,2.5,0.8,0.7,0.5,3360.0,3237.6,3000.0,2.9791666666666665,1.9791666666666663,0,20.4,19.25,1.8,1.25,0.0835555555555555,0.0644444444444444,0.0,0.0,2.0,0,56.0,23.57142857142857,24.642857142857142
401892458,2027,2026-10-08 23:00:00+00:00,9,Dallas Stars,DAL,2,Buffalo Sabres,BUF,0,4196914,Jake Oettinger,G,29,True,False,0,26,0,0,26,1.0,22,4,0,3600,0,0,2,1.8,2.1,1.0,22.4,21.3,17.5,20.6,19.2,16.5,0.9310000000000004,0.8993,0.9545,16.0,15.7,11.5,3.2,2.6,3.0,1.4,0.9,2.0,3639.4,3607.9,3548.5,2.958333333333333,1.9583333333333333,0,26.4,27.33333333333333,3.6,3.333333333333333,0.1365384615384615,0.1217948717948717,0.0,0.0,1.0,0,60.656666666666666,20.37698521734352,22.157498488761885
401892461,2027,2026-10-08 23:00:00+00:00,22,Vancouver Canucks,VAN,7,Carolina Hurricanes,CAR,0,4894703,Leevi Merilainen,G,31,True,False,1,16,0,0,15,0.938,15,0,0,1200,0,0,2,2.6,2.7,1.0,19.2,18.8,17.5,16.6,16.1,16.5,0.8638,0.8446,0.9335,14.4,13.4,14.0,2.0,2.3,2.5,0.2,0.4,0.0,3254.8,3055.1,2720.5,4.875,3.875,0,28.4,30.25,2.6,2.75,0.0825324675324675,0.0793560606060606,0.1733333333333334,0.2166666666666666,1.0,0,54.24666666666667,18.36057515054689,21.23632788496989
401892462,2027,2026-10-08 23:30:00+00:00,4,Chicago Blackhawks,CHI,12,New York Islanders,NYI,0,4894729,Arvid Soderblom,G,40,True,False,3,18,0,0,15,0.833,10,4,1,3471,0,0,1,4.0,3.5,6.0,26.0,29.9,32.0,22.0,26.4,26.0,0.8404,0.8727,0.813,19.6,23.2,24.0,1.4,2.3,1.0,1.0,0.9,1.0,2909.0,3247.5,3600.0,6.916666666666667,5.916666666666667,0,28.2,26.0,2.2,3.0,0.0786873117136275,0.1099333983105912,0.1166666666666668,0.1944444444444444,1.0,0,48.48333333333333,27.225850807837745,32.176005500171875
401892462,2027,2026-10-08 23:30:00+00:00,12,New York Islanders,NYI,4,Chicago Blackhawks,CHI,1,3151981,Ilya Sorokin,G,30,True,False,1,23,0,0,22,0.957,19,2,1,3600,0,0,2,2.2,3.1,1.0,23.2,25.9,31.5,21.0,22.8,30.5,0.8842000000000001,0.8701000000000001,0.9615,16.0,18.8,24.5,4.0,3.3,5.0,1.0,0.7,1.0,3496.4,3399.6,3538.0,5.0,4.0,0,20.2,19.25,2.8,2.25,0.1351465201465201,0.1168498168498168,0.1000000000000002,0.125,0.9791666666666669,0,58.27333333333333,21.62224001830454,23.88742706784121
401891825,2027,2026-10-09 00:00:00+00:00,18,San Jose Sharks,SJ,19,St. Louis Blues,STL,0,3114994,Alex Nedeljkovic,G,33,True,False,2,26,0,0,24,0.923,19,2,3,3663,0,0,0,2.2,2.8,,26.0,22.7,,23.8,19.9,,0.9162,0.8626000000000001,,19.6,16.3,,3.2,3.0,,1.0,0.6,,3597.2,3443.1,,175.0,10.0,0,27.4,25.666666666666668,3.8,2.333333333333333,0.1354845047837261,0.0930674264007597,0.1666666666666666,0.1666666666666666,1.0,0,59.95333333333333,23.818525519848773,26.02023796286
401891825,2027,2026-10-09 00:00:00+00:00,19,St. Louis Blues,STL,18,San Jose Sharks,SJ,1,4587909,Joel Hofer,G,30,True,False,3,27,0,0,24,0.889,19,5,0,3652,0,2,2,2.2,2.4,1.0,26.4,27.8,22.0,24.2,25.4,21.0,0.916,0.9142,0.9475,20.0,21.8,16.5,3.4,2.8,3.5,0.8,0.8,1.0,3576.8,3587.3,3547.0,2.0,1.0,0,24.0,23.33333333333333,3.4,3.0,0.1248930481283422,0.1083333333333333,0.3000000000000001,0.25,2.0,0,59.61333333333334,24.356967121449337,26.57123685976292
401892463,2027,2026-10-09 01:00:00+00:00,3,Calgary Flames,CGY,17,Colorado Avalanche,COL,1,4319911,Devin Cooley,G,1,True,False,7,30,0,0,23,0.767,21,1,1,3600,0,0,1,3.6,3.4,3.0,28.4,27.4,25.0,24.8,24.0,22.0,0.8682000000000001,0.8612,0.88,21.0,21.0,19.0,3.8,2.7,3.0,0.0,0.3,0.0,3514.8,3368.5,3586.0,4.958333333333333,3.958333333333333,0,34.4,33.0,4.2,5.333333333333333,0.1274884981215716,0.1671174216813162,0.1600000000000002,0.2666666666666666,0.0625,1,58.580000000000005,25.401160805735746,29.088426083987702
401892463,2027,2026-10-09 01:00:00+00:00,17,Colorado Avalanche,COL,3,Calgary Flames,CGY,0,5622,Scott Wedgewood,G,41,True,False,3,29,0,0,26,0.897,22,1,3,3600,0,0,0,0.6,1.2,,19.0,20.8,,18.4,19.6,,0.9496000000000002,0.8926999999999999,,14.8,15.8,,2.8,3.0,,0.8,0.8,,3208.6,3152.3,,174.95833333333334,10.0,0,26.6,27.33333333333333,1.4,1.0,0.0588455522971651,0.0373232323232323,0.2666666666666666,0.3333333333333333,3.041666666666667,0,53.47666666666667,20.64451785825593,21.317708657981672
401892464,2027,2026-10-09 02:00:00+00:00,21,Toronto Maple Leafs,TOR,37,Vegas Golden Knights,VGK,0,5571,Sergei Bobrovsky,G,72,True,False,3,43,0,0,40,0.93,33,7,0,3900,0,0,2,3.4,2.9,3.0,25.2,24.8,26.5,21.8,21.9,23.5,0.8524000000000003,0.876,0.886,18.4,19.4,18.0,3.0,2.2,5.0,0.4,0.3,0.5,3200.0,3435.4,3527.5,5.125,4.125,0,29.8,30.75,4.2,4.25,0.1420819720819721,0.1391409266409266,0.2533333333333333,0.3166666666666666,1.0138888888888888,0,53.333333333333336,24.525,28.35
401892464,2027,2026-10-09 02:00:00+00:00,37,Vegas Golden Knights,VGK,21,Toronto Maple Leafs,TOR,1,3939714,Adin Hill,G,33,True,False,3,24,0,0,21,0.875,19,1,1,3880,0,0,1,3.0,2.4,2.0,25.6,21.1,20.0,22.6,18.7,18.0,0.8812000000000003,0.8080999999999999,0.9,19.0,15.5,15.0,2.2,2.1,1.0,1.4,1.1,2.0,3744.6,3340.4,3600.0,4.041666666666667,3.041666666666667,0,28.0,30.0,2.4,2.75,0.0804904601456325,0.0881130751820407,0.1666666666666668,0.2083333333333333,1.125,0,62.41,21.727287293702936,24.61144047428297
